-- before running the tests, please make sure to seed the database with parameters data, etc.
-- as well as seed the database with test data

-- test database."PATIENTS" constraints
-- "PAT_LIVER_FAILURE_CHECK" tests
---- should fail
INSERT INTO database."PATIENTS" ("INITIALS", "BIRTH_DATE", "HOSPITALISATION_DATE", "CKRT_START_DATE", "LIVER_FAILURE", "WEIGHT", "HEIGHT", "CLINICAL_CENTER_ID")
	VALUES ('AB', NOW(), NOW(), NOW(), -1, 10, 10, 1);
INSERT INTO database."PATIENTS" ("INITIALS", "BIRTH_DATE", "HOSPITALISATION_DATE", "CKRT_START_DATE", "LIVER_FAILURE", "WEIGHT", "HEIGHT", "CLINICAL_CENTER_ID")
	VALUES ('AB', NOW(), NOW(), NOW(), 2, 10, 10, 1);
---- should pass
INSERT INTO database."PATIENTS" ("INITIALS", "BIRTH_DATE", "HOSPITALISATION_DATE", "CKRT_START_DATE", "LIVER_FAILURE", "WEIGHT", "HEIGHT", "CLINICAL_CENTER_ID")
	VALUES ('AB', NOW(), NOW(), NOW(), 1, 10, 10, 1);
	
-- test database."PATIENTS" constraints
-- "DOCT_PASSWORD_LENGTH_CHECK" tests
-- should fail
INSERT INTO database."DOCTORS" ("FIRST_NAME", "LAST_NAME", "PASSWORD") VALUES ('Doctor', 'House', '1234567');
-- should pass
INSERT INTO database."DOCTORS" ("FIRST_NAME", "LAST_NAME", "PASSWORD") VALUES ('Doctor', 'House', '12345678');

-- test database."TYPES" constraints
-- "TYP_AVAILABLE_TYPE_DISCR_CHECK"
-- should fail
INSERT INTO database."TYPES" ("TYPE_DISCRIMINATOR", "NAME") VALUES ('A', 'Invalid type discirminator');
-- should pass
INSERT INTO database."TYPES" ("TYPE_DISCRIMINATOR", "NAME") VALUES ('C', 'Only C tests');
INSERT INTO database."TYPES" ("TYPE_DISCRIMINATOR", "NAME") VALUES ('P', 'Only P tests');
INSERT INTO database."TYPES" ("TYPE_DISCRIMINATOR", "NAME") VALUES ('S', 'Only S tests');

-- test database."PARAMETERS"
-- "PRM_DATA_TYPE_DEF_CHECK"
-- should fail
INSERT INTO database."PARAMETERS" ("TYPE_CODE", "TYPE_DISCRIMINATOR", "NAME", "DATA_TYPE") VALUES (1, 'P', 'test parameter with invalid data type', -1);
INSERT INTO database."PARAMETERS" ("TYPE_CODE", "TYPE_DISCRIMINATOR", "NAME", "DATA_TYPE") VALUES (1, 'P', 'test parameter with invalid data type', 3);
-- should pass
INSERT INTO database."PARAMETERS" ("TYPE_CODE", "TYPE_DISCRIMINATOR", "NAME", "DATA_TYPE") VALUES (1, 'P', 'test parameter with valid data type 0 - text', 0);
INSERT INTO database."PARAMETERS" ("TYPE_CODE", "TYPE_DISCRIMINATOR", "NAME", "DATA_TYPE") VALUES (1, 'P', 'test parameter with valid data type 0 - numeric', 1);
INSERT INTO database."PARAMETERS" ("TYPE_CODE", "TYPE_DISCRIMINATOR", "NAME", "DATA_TYPE") VALUES (1, 'P', 'test parameter with valid data type 0 - boolean', 2);
-- "PRM_IS_REGISTRATION_SUGGESTED_CHECK"
-- should fail
INSERT INTO database."PARAMETERS" ("TYPE_CODE", "TYPE_DISCRIMINATOR", "NAME", "DATA_TYPE", "IS_PARAMETER_REGISTRATION_SUGGESTED") VALUES (1, 'P', 'test parameter with valid data type 0 but invalid registration suggestion', 0, -1);
INSERT INTO database."PARAMETERS" ("TYPE_CODE", "TYPE_DISCRIMINATOR", "NAME", "DATA_TYPE", "IS_PARAMETER_REGISTRATION_SUGGESTED") VALUES (1, 'P', 'test parameter with valid data type 0 but invalid registration suggestion', 0, 2);
-- should pass
INSERT INTO database."PARAMETERS" ("TYPE_CODE", "TYPE_DISCRIMINATOR", "NAME", "DATA_TYPE", "IS_PARAMETER_REGISTRATION_SUGGESTED") VALUES (1, 'P', 'test parameter with valid data type 0 and valid registration suggestion - 0', 0, 0);
INSERT INTO database."PARAMETERS" ("TYPE_CODE", "TYPE_DISCRIMINATOR", "NAME", "DATA_TYPE", "IS_PARAMETER_REGISTRATION_SUGGESTED") VALUES (1, 'P', 'test parameter with valid data type 0 but valid registration suggestion - 1', 0, 1);

-- test database."CLINICAL_DATA"
-- "CLDA_TYPE_DISCR_CHECK"
-- should fail
INSERT INTO database."CLINICAL_DATA" ("PATIENT_ID", "CLINICAL_DATA_TYPE_CODE", "CLINICAL_DATA_TYPE_DISCRIMINATOR", "DATA_COLLECTION_DATE", "DOCTOR_ID")
	VALUES (1, 25, 'A', NOW(), 1);
INSERT INTO database."CLINICAL_DATA" ("PATIENT_ID", "CLINICAL_DATA_TYPE_CODE", "CLINICAL_DATA_TYPE_DISCRIMINATOR", "DATA_COLLECTION_DATE", "DOCTOR_ID")
	VALUES (1, 25, 'P', NOW(), 1);
INSERT INTO database."CLINICAL_DATA" ("PATIENT_ID", "CLINICAL_DATA_TYPE_CODE", "CLINICAL_DATA_TYPE_DISCRIMINATOR", "DATA_COLLECTION_DATE", "DOCTOR_ID")
	VALUES (1, 25, 'S', NOW(), 1);
-- should pass	
INSERT INTO database."CLINICAL_DATA" ("PATIENT_ID", "CLINICAL_DATA_TYPE_CODE", "CLINICAL_DATA_TYPE_DISCRIMINATOR", "DATA_COLLECTION_DATE", "DOCTOR_ID")
	VALUES (1, 25, 'C', NOW(), 1);
-- "CLDA_IS_DRAFT_CHECK"
-- should fail
INSERT INTO database."CLINICAL_DATA" ("PATIENT_ID", "CLINICAL_DATA_TYPE_CODE", "CLINICAL_DATA_TYPE_DISCRIMINATOR", "DATA_COLLECTION_DATE", "DOCTOR_ID", "IS_DRAFT_VERSION")
	VALUES (1, 25, 'C', NOW(), 1, -1);
INSERT INTO database."CLINICAL_DATA" ("PATIENT_ID", "CLINICAL_DATA_TYPE_CODE", "CLINICAL_DATA_TYPE_DISCRIMINATOR", "DATA_COLLECTION_DATE", "DOCTOR_ID", "IS_DRAFT_VERSION")
	VALUES (1, 25, 'C', NOW(), 1, 2);
-- should pass
INSERT INTO database."CLINICAL_DATA" ("PATIENT_ID", "CLINICAL_DATA_TYPE_CODE", "CLINICAL_DATA_TYPE_DISCRIMINATOR", "DATA_COLLECTION_DATE", "DOCTOR_ID", "IS_DRAFT_VERSION")
	VALUES (1, 25, 'C', '2023-01-08', 1, 0);
INSERT INTO database."CLINICAL_DATA" ("PATIENT_ID", "CLINICAL_DATA_TYPE_CODE", "CLINICAL_DATA_TYPE_DISCRIMINATOR", "DATA_COLLECTION_DATE", "DOCTOR_ID", "IS_DRAFT_VERSION")
	VALUES (1, 25, 'C', '2023-01-09', 1, 1);

-- test database."CLINICAL_DATA_PARAMETERS_VALUES"
-- "CLDA_PRMVAL_PARAMETER_TYPE_DISCR_CHECK"
INSERT INTO database."CLINICAL_DATA_PARAMETERS_VALUES" ("PATIENT_ID", "CLINICAL_DATA_TYPE_CODE", "CLINICAL_DATA_TYPE_DISCRIMINATOR", "CLINICAL_DATA_COLLECTION_DATE", "PARAMETER_CODE",
	"BOOLEAN_VALUE", "NUMERIC_VALUE", "TEXT_VALUE")
	VALUES (1, 25, 'A', '2023-01-08', 159, NULL, 1, NULL);
INSERT INTO database."CLINICAL_DATA_PARAMETERS_VALUES" ("PATIENT_ID", "CLINICAL_DATA_TYPE_CODE", "CLINICAL_DATA_TYPE_DISCRIMINATOR", "CLINICAL_DATA_COLLECTION_DATE", "PARAMETER_CODE",
	"BOOLEAN_VALUE", "NUMERIC_VALUE", "TEXT_VALUE")
	VALUES (1, 25, 'P', '2023-01-08', 159, NULL, 1, NULL);
INSERT INTO database."CLINICAL_DATA_PARAMETERS_VALUES" ("PATIENT_ID", "CLINICAL_DATA_TYPE_CODE", "CLINICAL_DATA_TYPE_DISCRIMINATOR", "CLINICAL_DATA_COLLECTION_DATE", "PARAMETER_CODE",
	"BOOLEAN_VALUE", "NUMERIC_VALUE", "TEXT_VALUE")
	VALUES (1, 25, 'S', '2023-01-08', 159, NULL, 1, NULL);
-- should pass
INSERT INTO database."CLINICAL_DATA_PARAMETERS_VALUES" ("PATIENT_ID", "CLINICAL_DATA_TYPE_CODE", "CLINICAL_DATA_TYPE_DISCRIMINATOR", "CLINICAL_DATA_COLLECTION_DATE", "PARAMETER_CODE",
	"BOOLEAN_VALUE", "NUMERIC_VALUE", "TEXT_VALUE")
	VALUES (1, 25, 'C', '2023-01-08', 159, NULL, 1, NULL);
-- "CLDA_PRMVAL_SINGLE_VALUE_CHECK"
-- should fail
INSERT INTO database."CLINICAL_DATA_PARAMETERS_VALUES" ("PATIENT_ID", "CLINICAL_DATA_TYPE_CODE", "CLINICAL_DATA_TYPE_DISCRIMINATOR", "CLINICAL_DATA_COLLECTION_DATE", "PARAMETER_CODE",
	"BOOLEAN_VALUE", "NUMERIC_VALUE", "TEXT_VALUE")
	VALUES (1, 25, 'C', '2023-01-08', 160, 1, 1, NULL);
INSERT INTO database."CLINICAL_DATA_PARAMETERS_VALUES" ("PATIENT_ID", "CLINICAL_DATA_TYPE_CODE", "CLINICAL_DATA_TYPE_DISCRIMINATOR", "CLINICAL_DATA_COLLECTION_DATE", "PARAMETER_CODE",
	"BOOLEAN_VALUE", "NUMERIC_VALUE", "TEXT_VALUE")
	VALUES (1, 25, 'C', '2023-01-08', 160, 1, NULL, '');
INSERT INTO database."CLINICAL_DATA_PARAMETERS_VALUES" ("PATIENT_ID", "CLINICAL_DATA_TYPE_CODE", "CLINICAL_DATA_TYPE_DISCRIMINATOR", "CLINICAL_DATA_COLLECTION_DATE", "PARAMETER_CODE",
	"BOOLEAN_VALUE", "NUMERIC_VALUE", "TEXT_VALUE")
	VALUES (1, 25, 'C', '2023-01-08', 160, NULL, 1, '');
-- should pass
INSERT INTO database."CLINICAL_DATA_PARAMETERS_VALUES" ("PATIENT_ID", "CLINICAL_DATA_TYPE_CODE", "CLINICAL_DATA_TYPE_DISCRIMINATOR", "CLINICAL_DATA_COLLECTION_DATE", "PARAMETER_CODE",
	"BOOLEAN_VALUE", "NUMERIC_VALUE", "TEXT_VALUE")
	VALUES (1, 25, 'C', '2023-01-08', 160, 1, NULL, NULL);
INSERT INTO database."CLINICAL_DATA_PARAMETERS_VALUES" ("PATIENT_ID", "CLINICAL_DATA_TYPE_CODE", "CLINICAL_DATA_TYPE_DISCRIMINATOR", "CLINICAL_DATA_COLLECTION_DATE", "PARAMETER_CODE",
	"BOOLEAN_VALUE", "NUMERIC_VALUE", "TEXT_VALUE")
	VALUES (1, 25, 'C', '2023-01-08', 161, NULL, 1, NULL);
INSERT INTO database."CLINICAL_DATA_PARAMETERS_VALUES" ("PATIENT_ID", "CLINICAL_DATA_TYPE_CODE", "CLINICAL_DATA_TYPE_DISCRIMINATOR", "CLINICAL_DATA_COLLECTION_DATE", "PARAMETER_CODE",
	"BOOLEAN_VALUE", "NUMERIC_VALUE", "TEXT_VALUE")
	VALUES (1, 25, 'C', '2023-01-08', 162, NULL, NULL, 'some value');
-- "CLDA_PRMVAL_BOOLEAN_VALUE_CHECK"
-- should fail
INSERT INTO database."CLINICAL_DATA_PARAMETERS_VALUES" ("PATIENT_ID", "CLINICAL_DATA_TYPE_CODE", "CLINICAL_DATA_TYPE_DISCRIMINATOR", "CLINICAL_DATA_COLLECTION_DATE", "PARAMETER_CODE",
	"BOOLEAN_VALUE", "NUMERIC_VALUE", "TEXT_VALUE")
	VALUES (1, 25, 'C', '2023-01-08', 163, -1, NULL, NULL);
INSERT INTO database."CLINICAL_DATA_PARAMETERS_VALUES" ("PATIENT_ID", "CLINICAL_DATA_TYPE_CODE", "CLINICAL_DATA_TYPE_DISCRIMINATOR", "CLINICAL_DATA_COLLECTION_DATE", "PARAMETER_CODE",
	"BOOLEAN_VALUE", "NUMERIC_VALUE", "TEXT_VALUE")
	VALUES (1, 25, 'C', '2023-01-08', 163, 2, NULL, NULL);
-- should pass
INSERT INTO database."CLINICAL_DATA_PARAMETERS_VALUES" ("PATIENT_ID", "CLINICAL_DATA_TYPE_CODE", "CLINICAL_DATA_TYPE_DISCRIMINATOR", "CLINICAL_DATA_COLLECTION_DATE", "PARAMETER_CODE",
	"BOOLEAN_VALUE", "NUMERIC_VALUE", "TEXT_VALUE")
	VALUES (1, 25, 'C', '2023-01-08', 163, 0, NULL, NULL);
INSERT INTO database."CLINICAL_DATA_PARAMETERS_VALUES" ("PATIENT_ID", "CLINICAL_DATA_TYPE_CODE", "CLINICAL_DATA_TYPE_DISCRIMINATOR", "CLINICAL_DATA_COLLECTION_DATE", "PARAMETER_CODE",
	"BOOLEAN_VALUE", "NUMERIC_VALUE", "TEXT_VALUE")
	VALUES (1, 25, 'C', '2023-01-08', 164, 1, NULL, NULL);

-- test database."PROCEDURES"
-- "PROC_TYPE_DISCR_CHECK"
-- should fail
INSERT INTO database."PROCEDURES" ("PATIENT_ID", "PROCEDURE_TYPE_CODE", "PROCEDURE_TYPE_DISCRIMINATOR", "START_DATE", "CLINICAL_DATA_TYPE_CODE", "CLINICAL_DATA_TYPE_DISCRIMINATOR",
	"CLINICAL_DATA_COLLECTION_DATE", "DOCTOR_ID")
	VALUES (1, 1, 'A', '2023-01-07', 25, 'C', '2023-01-07', 1);
INSERT INTO database."PROCEDURES" ("PATIENT_ID", "PROCEDURE_TYPE_CODE", "PROCEDURE_TYPE_DISCRIMINATOR", "START_DATE", "CLINICAL_DATA_TYPE_CODE", "CLINICAL_DATA_TYPE_DISCRIMINATOR",
	"CLINICAL_DATA_COLLECTION_DATE", "DOCTOR_ID")
	VALUES (1, 1, 'C', '2023-01-07', 25, 'C', '2023-01-07', 1);
INSERT INTO database."PROCEDURES" ("PATIENT_ID", "PROCEDURE_TYPE_CODE", "PROCEDURE_TYPE_DISCRIMINATOR", "START_DATE", "CLINICAL_DATA_TYPE_CODE", "CLINICAL_DATA_TYPE_DISCRIMINATOR",
	"CLINICAL_DATA_COLLECTION_DATE", "DOCTOR_ID")
	VALUES (1, 1, 'S', '2023-01-07', 25, 'C', '2023-01-07', 1);
-- should pass
INSERT INTO database."PROCEDURES" ("PATIENT_ID", "PROCEDURE_TYPE_CODE", "PROCEDURE_TYPE_DISCRIMINATOR", "START_DATE", "CLINICAL_DATA_TYPE_CODE", "CLINICAL_DATA_TYPE_DISCRIMINATOR",
	"CLINICAL_DATA_COLLECTION_DATE", "DOCTOR_ID")
	VALUES (1, 1, 'P', '2023-01-07', 25, 'C', '2023-01-07', 1);
-- "PROC_IS_DRAFT_CHECK"
-- should fail
INSERT INTO database."PROCEDURES" ("PATIENT_ID", "PROCEDURE_TYPE_CODE", "PROCEDURE_TYPE_DISCRIMINATOR", "START_DATE", "CLINICAL_DATA_TYPE_CODE", "CLINICAL_DATA_TYPE_DISCRIMINATOR",
	"CLINICAL_DATA_COLLECTION_DATE", "DOCTOR_ID", "IS_DRAFT_VERSION")
	VALUES (1, 1, 'P', '2023-01-07', 25, 'C', '2023-01-07', 1, -1);
INSERT INTO database."PROCEDURES" ("PATIENT_ID", "PROCEDURE_TYPE_CODE", "PROCEDURE_TYPE_DISCRIMINATOR", "START_DATE", "CLINICAL_DATA_TYPE_CODE", "CLINICAL_DATA_TYPE_DISCRIMINATOR",
	"CLINICAL_DATA_COLLECTION_DATE", "DOCTOR_ID", "IS_DRAFT_VERSION")
	VALUES (1, 1, 'P', '2023-01-07', 25, 'C', '2023-01-07', 1, 2);
-- should pass
INSERT INTO database."PROCEDURES" ("PATIENT_ID", "PROCEDURE_TYPE_CODE", "PROCEDURE_TYPE_DISCRIMINATOR", "START_DATE", "CLINICAL_DATA_TYPE_CODE", "CLINICAL_DATA_TYPE_DISCRIMINATOR",
	"CLINICAL_DATA_COLLECTION_DATE", "DOCTOR_ID", "IS_DRAFT_VERSION")
	VALUES (1, 1, 'P', '2023-01-08', 25, 'C', '2023-01-07', 1, 0);
INSERT INTO database."PROCEDURES" ("PATIENT_ID", "PROCEDURE_TYPE_CODE", "PROCEDURE_TYPE_DISCRIMINATOR", "START_DATE", "CLINICAL_DATA_TYPE_CODE", "CLINICAL_DATA_TYPE_DISCRIMINATOR",
	"CLINICAL_DATA_COLLECTION_DATE", "DOCTOR_ID", "IS_DRAFT_VERSION")
	VALUES (1, 1, 'P', '2023-01-09', 25, 'C', '2023-01-07', 1, 1);
	
-- test database."PROCEDURES_PARAMETERS_VALUES"
-- "PROC_PRMVAL_PARAMETER_TYPE_DISCR_CHECK"
-- should fail
INSERT INTO database."PROCEDURES_PARAMETERS_VALUES" ("PATIENT_ID", "PROCEDURE_TYPE_CODE", "PROCEDURE_TYPE_DISCRIMINATOR", "PROCEDURE_DATE", "PARAMETER_CODE", "BOOLEAN_VALUE",
	"NUMERIC_VALUE", "TEXT_VALUE")
	VALUES (1, 1, 'A', '2023-01-07', 1, NULL, 1, NULL);
INSERT INTO database."PROCEDURES_PARAMETERS_VALUES" ("PATIENT_ID", "PROCEDURE_TYPE_CODE", "PROCEDURE_TYPE_DISCRIMINATOR", "PROCEDURE_DATE", "PARAMETER_CODE", "BOOLEAN_VALUE",
	"NUMERIC_VALUE", "TEXT_VALUE")
	VALUES (1, 1, 'C', '2023-01-07', 1, NULL, 1, NULL);
INSERT INTO database."PROCEDURES_PARAMETERS_VALUES" ("PATIENT_ID", "PROCEDURE_TYPE_CODE", "PROCEDURE_TYPE_DISCRIMINATOR", "PROCEDURE_DATE", "PARAMETER_CODE", "BOOLEAN_VALUE",
	"NUMERIC_VALUE", "TEXT_VALUE")
	VALUES (1, 1, 'S', '2023-01-07', 1, NULL, 1, NULL);
-- should pass
INSERT INTO database."PROCEDURES_PARAMETERS_VALUES" ("PATIENT_ID", "PROCEDURE_TYPE_CODE", "PROCEDURE_TYPE_DISCRIMINATOR", "PROCEDURE_DATE", "PARAMETER_CODE", "BOOLEAN_VALUE",
	"NUMERIC_VALUE", "TEXT_VALUE")
	VALUES (1, 1, 'P', '2023-01-07', 1, NULL, 1, NULL);
-- "PROC_PRMVAL_SINGLE_VALUE_CHECK"
-- should fail
INSERT INTO database."PROCEDURES_PARAMETERS_VALUES" ("PATIENT_ID", "PROCEDURE_TYPE_CODE", "PROCEDURE_TYPE_DISCRIMINATOR", "PROCEDURE_DATE", "PARAMETER_CODE", "BOOLEAN_VALUE",
	"NUMERIC_VALUE", "TEXT_VALUE")
	VALUES (1, 1, 'P', '2023-01-07', 2, 1, 1, NULL);
INSERT INTO database."PROCEDURES_PARAMETERS_VALUES" ("PATIENT_ID", "PROCEDURE_TYPE_CODE", "PROCEDURE_TYPE_DISCRIMINATOR", "PROCEDURE_DATE", "PARAMETER_CODE", "BOOLEAN_VALUE",
	"NUMERIC_VALUE", "TEXT_VALUE")
	VALUES (1, 1, 'P', '2023-01-07', 2, 1, NULL, 'some value');
INSERT INTO database."PROCEDURES_PARAMETERS_VALUES" ("PATIENT_ID", "PROCEDURE_TYPE_CODE", "PROCEDURE_TYPE_DISCRIMINATOR", "PROCEDURE_DATE", "PARAMETER_CODE", "BOOLEAN_VALUE",
	"NUMERIC_VALUE", "TEXT_VALUE")
	VALUES (1, 1, 'P', '2023-01-07', 2, NULL, 1, 'some other value');
-- should pass
INSERT INTO database."PROCEDURES_PARAMETERS_VALUES" ("PATIENT_ID", "PROCEDURE_TYPE_CODE", "PROCEDURE_TYPE_DISCRIMINATOR", "PROCEDURE_DATE", "PARAMETER_CODE", "BOOLEAN_VALUE",
	"NUMERIC_VALUE", "TEXT_VALUE")
	VALUES (1, 1, 'P', '2023-01-07', 2, 1, NULL, NULL);
INSERT INTO database."PROCEDURES_PARAMETERS_VALUES" ("PATIENT_ID", "PROCEDURE_TYPE_CODE", "PROCEDURE_TYPE_DISCRIMINATOR", "PROCEDURE_DATE", "PARAMETER_CODE", "BOOLEAN_VALUE",
	"NUMERIC_VALUE", "TEXT_VALUE")
	VALUES (1, 1, 'P', '2023-01-07', 3, NULL, 10, NULL);
INSERT INTO database."PROCEDURES_PARAMETERS_VALUES" ("PATIENT_ID", "PROCEDURE_TYPE_CODE", "PROCEDURE_TYPE_DISCRIMINATOR", "PROCEDURE_DATE", "PARAMETER_CODE", "BOOLEAN_VALUE",
	"NUMERIC_VALUE", "TEXT_VALUE")
	VALUES (1, 1, 'P', '2023-01-07', 4, NULL, NULL, 'some text value');
-- "PROC_PRMVAL_BOOLEAN_VALUE_CHECK"
--should fail
INSERT INTO database."PROCEDURES_PARAMETERS_VALUES" ("PATIENT_ID", "PROCEDURE_TYPE_CODE", "PROCEDURE_TYPE_DISCRIMINATOR", "PROCEDURE_DATE", "PARAMETER_CODE", "BOOLEAN_VALUE",
	"NUMERIC_VALUE", "TEXT_VALUE")
	VALUES (1, 1, 'P', '2023-01-07', 5, -1, NULL, NULL);
INSERT INTO database."PROCEDURES_PARAMETERS_VALUES" ("PATIENT_ID", "PROCEDURE_TYPE_CODE", "PROCEDURE_TYPE_DISCRIMINATOR", "PROCEDURE_DATE", "PARAMETER_CODE", "BOOLEAN_VALUE",
	"NUMERIC_VALUE", "TEXT_VALUE")
	VALUES (1, 1, 'P', '2023-01-07', 5, 2, NULL, NULL);
-- should pass
INSERT INTO database."PROCEDURES_PARAMETERS_VALUES" ("PATIENT_ID", "PROCEDURE_TYPE_CODE", "PROCEDURE_TYPE_DISCRIMINATOR", "PROCEDURE_DATE", "PARAMETER_CODE", "BOOLEAN_VALUE",
	"NUMERIC_VALUE", "TEXT_VALUE")
	VALUES (1, 1, 'P', '2023-01-09', 1, 0, NULL, NULL);
INSERT INTO database."PROCEDURES_PARAMETERS_VALUES" ("PATIENT_ID", "PROCEDURE_TYPE_CODE", "PROCEDURE_TYPE_DISCRIMINATOR", "PROCEDURE_DATE", "PARAMETER_CODE", "BOOLEAN_VALUE",
	"NUMERIC_VALUE", "TEXT_VALUE")
	VALUES (1, 1, 'P', '2023-01-09', 2, 1, NULL, NULL);

-- test database."PROCEDURES_SESSIONS"
-- "PROCSES_TYPE_DISCR_CHECK"
INSERT INTO database."PROCEDURES_SESSIONS" ("PATIENT_ID", "PROCEDURE_TYPE_CODE", "PROCEDURE_TYPE_DISCRIMINATOR", "PROCEDURE_DATE", "SESSION_TYPE_CODE", "SESSION_TYPE_DISCRIMINATOR",
	"ORDINAL_NUMBER", "SESSION_START_DATE", "DOCTOR_ID")
	VALUES (1, 1, 'P', '2023-01-08', 2, 'C', 1, '2023-01-09', 1);
INSERT INTO database."PROCEDURES_SESSIONS" ("PATIENT_ID", "PROCEDURE_TYPE_CODE", "PROCEDURE_TYPE_DISCRIMINATOR", "PROCEDURE_DATE", "SESSION_TYPE_CODE", "SESSION_TYPE_DISCRIMINATOR",
	"ORDINAL_NUMBER", "SESSION_START_DATE", "DOCTOR_ID")
	VALUES (1, 1, 'P', '2023-01-08', 2, 'P', 1, '2023-01-09', 1);
-- should pass
INSERT INTO database."PROCEDURES_SESSIONS" ("PATIENT_ID", "PROCEDURE_TYPE_CODE", "PROCEDURE_TYPE_DISCRIMINATOR", "PROCEDURE_DATE", "SESSION_TYPE_CODE", "SESSION_TYPE_DISCRIMINATOR",
	"ORDINAL_NUMBER", "SESSION_START_DATE", "DOCTOR_ID")
	VALUES (1, 1, 'P', '2023-01-08', 2, 'S', 1, '2023-01-09', 1);
-- "PROCSES_IS_DRAFT_CHECK"
-- should fail
INSERT INTO database."PROCEDURES_SESSIONS" ("PATIENT_ID", "PROCEDURE_TYPE_CODE", "PROCEDURE_TYPE_DISCRIMINATOR", "PROCEDURE_DATE", "SESSION_TYPE_CODE", "SESSION_TYPE_DISCRIMINATOR",
	"ORDINAL_NUMBER", "SESSION_START_DATE", "DOCTOR_ID", "IS_DRAFT_VERSION")
	VALUES (1, 1, 'P', '2023-01-08', 2, 'S', 2, '2023-01-09', 1, -1);
INSERT INTO database."PROCEDURES_SESSIONS" ("PATIENT_ID", "PROCEDURE_TYPE_CODE", "PROCEDURE_TYPE_DISCRIMINATOR", "PROCEDURE_DATE", "SESSION_TYPE_CODE", "SESSION_TYPE_DISCRIMINATOR",
	"ORDINAL_NUMBER", "SESSION_START_DATE", "DOCTOR_ID", "IS_DRAFT_VERSION")
	VALUES (1, 1, 'P', '2023-01-08', 2, 'S', 2, '2023-01-09', 1, 2);
-- should pass
INSERT INTO database."PROCEDURES_SESSIONS" ("PATIENT_ID", "PROCEDURE_TYPE_CODE", "PROCEDURE_TYPE_DISCRIMINATOR", "PROCEDURE_DATE", "SESSION_TYPE_CODE", "SESSION_TYPE_DISCRIMINATOR",
	"ORDINAL_NUMBER", "SESSION_START_DATE", "DOCTOR_ID", "IS_DRAFT_VERSION")
	VALUES (1, 1, 'P', '2023-01-08', 2, 'S', 2, '2023-01-09', 1, 0);
INSERT INTO database."PROCEDURES_SESSIONS" ("PATIENT_ID", "PROCEDURE_TYPE_CODE", "PROCEDURE_TYPE_DISCRIMINATOR", "PROCEDURE_DATE", "SESSION_TYPE_CODE", "SESSION_TYPE_DISCRIMINATOR",
	"ORDINAL_NUMBER", "SESSION_START_DATE", "DOCTOR_ID", "IS_DRAFT_VERSION")
	VALUES (1, 1, 'P', '2023-01-08', 2, 'S', 3, '2023-01-09', 1, 1);

-- test database."PROCEDURES_SESSIONS_PARAMETERS_VALUES"
-- "PROCSES_PRMVAL_PARAMETER_TYPE_DISCR_CHECK"
-- should fail
INSERT INTO database."PROCEDURES_SESSIONS_PARAMETERS_VALUES" ("PATIENT_ID", "PROCEDURE_TYPE_CODE", "PROCEDURE_TYPE_DISCRIMINATOR", "PROCEDURE_START_DATE", "SESSION_TYPE_CODE",
	"SESSION_TYPE_DISCRIMINATOR", "SESSION_ORDINAL_NUMBER", "PARAMETER_CODE", "BOOLEAN_VALUE", "NUMERIC_VALUE", "TEXT_VALUE")
	VALUES (1, 1, 'P', '2023-01-08', 2, 'P', 3, 5, NULL, 1, NULL);
INSERT INTO database."PROCEDURES_SESSIONS_PARAMETERS_VALUES" ("PATIENT_ID", "PROCEDURE_TYPE_CODE", "PROCEDURE_TYPE_DISCRIMINATOR", "PROCEDURE_START_DATE", "SESSION_TYPE_CODE",
	"SESSION_TYPE_DISCRIMINATOR", "SESSION_ORDINAL_NUMBER", "PARAMETER_CODE", "BOOLEAN_VALUE", "NUMERIC_VALUE", "TEXT_VALUE")
	VALUES (1, 1, 'P', '2023-01-08', 2, 'C', 3, 5, NULL, 1, NULL);
-- should pass
INSERT INTO database."PROCEDURES_SESSIONS_PARAMETERS_VALUES" ("PATIENT_ID", "PROCEDURE_TYPE_CODE", "PROCEDURE_TYPE_DISCRIMINATOR", "PROCEDURE_START_DATE", "SESSION_TYPE_CODE",
	"SESSION_TYPE_DISCRIMINATOR", "SESSION_ORDINAL_NUMBER", "PARAMETER_CODE", "BOOLEAN_VALUE", "NUMERIC_VALUE", "TEXT_VALUE")
	VALUES (1, 1, 'P', '2023-01-08', 2, 'S', 3, 5, NULL, 1, NULL);
-- "PROCSES_PRMVAL_SINGLE_VALUE_CHECK"
-- should fail
INSERT INTO database."PROCEDURES_SESSIONS_PARAMETERS_VALUES" ("PATIENT_ID", "PROCEDURE_TYPE_CODE", "PROCEDURE_TYPE_DISCRIMINATOR", "PROCEDURE_START_DATE", "SESSION_TYPE_CODE",
	"SESSION_TYPE_DISCRIMINATOR", "SESSION_ORDINAL_NUMBER", "PARAMETER_CODE", "BOOLEAN_VALUE", "NUMERIC_VALUE", "TEXT_VALUE")
	VALUES (1, 1, 'P', '2023-01-08', 2, 'S', 3, 6, 1, 1, NULL);
INSERT INTO database."PROCEDURES_SESSIONS_PARAMETERS_VALUES" ("PATIENT_ID", "PROCEDURE_TYPE_CODE", "PROCEDURE_TYPE_DISCRIMINATOR", "PROCEDURE_START_DATE", "SESSION_TYPE_CODE",
	"SESSION_TYPE_DISCRIMINATOR", "SESSION_ORDINAL_NUMBER", "PARAMETER_CODE", "BOOLEAN_VALUE", "NUMERIC_VALUE", "TEXT_VALUE")
	VALUES (1, 1, 'P', '2023-01-08', 2, 'S', 3, 6, 1, NULL, 'some text ... value');
INSERT INTO database."PROCEDURES_SESSIONS_PARAMETERS_VALUES" ("PATIENT_ID", "PROCEDURE_TYPE_CODE", "PROCEDURE_TYPE_DISCRIMINATOR", "PROCEDURE_START_DATE", "SESSION_TYPE_CODE",
	"SESSION_TYPE_DISCRIMINATOR", "SESSION_ORDINAL_NUMBER", "PARAMETER_CODE", "BOOLEAN_VALUE", "NUMERIC_VALUE", "TEXT_VALUE")
	VALUES (1, 1, 'P', '2023-01-08', 2, 'S', 3, 6, NULL, 45, 'some text ... value');
-- should pass
INSERT INTO database."PROCEDURES_SESSIONS_PARAMETERS_VALUES" ("PATIENT_ID", "PROCEDURE_TYPE_CODE", "PROCEDURE_TYPE_DISCRIMINATOR", "PROCEDURE_START_DATE", "SESSION_TYPE_CODE",
	"SESSION_TYPE_DISCRIMINATOR", "SESSION_ORDINAL_NUMBER", "PARAMETER_CODE", "BOOLEAN_VALUE", "NUMERIC_VALUE", "TEXT_VALUE")
	VALUES (1, 1, 'P', '2023-01-08', 2, 'S', 3, 6, NULL, NULL, 'some text ... value');
-- "PROCSES_PRMVAL_BOOLEAN_VALUE_CHECK"
-- should fail
INSERT INTO database."PROCEDURES_SESSIONS_PARAMETERS_VALUES" ("PATIENT_ID", "PROCEDURE_TYPE_CODE", "PROCEDURE_TYPE_DISCRIMINATOR", "PROCEDURE_START_DATE", "SESSION_TYPE_CODE",
	"SESSION_TYPE_DISCRIMINATOR", "SESSION_ORDINAL_NUMBER", "PARAMETER_CODE", "BOOLEAN_VALUE", "NUMERIC_VALUE", "TEXT_VALUE")
	VALUES (1, 1, 'P', '2023-01-08', 2, 'S', 3, 7, -1, NULL, NULL);
INSERT INTO database."PROCEDURES_SESSIONS_PARAMETERS_VALUES" ("PATIENT_ID", "PROCEDURE_TYPE_CODE", "PROCEDURE_TYPE_DISCRIMINATOR", "PROCEDURE_START_DATE", "SESSION_TYPE_CODE",
	"SESSION_TYPE_DISCRIMINATOR", "SESSION_ORDINAL_NUMBER", "PARAMETER_CODE", "BOOLEAN_VALUE", "NUMERIC_VALUE", "TEXT_VALUE")
	VALUES (1, 1, 'P', '2023-01-08', 2, 'S', 3, 7, 9, NULL, NULL);
INSERT INTO database."PROCEDURES_SESSIONS_PARAMETERS_VALUES" ("PATIENT_ID", "PROCEDURE_TYPE_CODE", "PROCEDURE_TYPE_DISCRIMINATOR", "PROCEDURE_START_DATE", "SESSION_TYPE_CODE",
	"SESSION_TYPE_DISCRIMINATOR", "SESSION_ORDINAL_NUMBER", "PARAMETER_CODE", "BOOLEAN_VALUE", "NUMERIC_VALUE", "TEXT_VALUE")
	VALUES (1, 1, 'P', '2023-01-08', 2, 'S', 3, 7, 2, NULL, NULL);
-- should pass
INSERT INTO database."PROCEDURES_SESSIONS_PARAMETERS_VALUES" ("PATIENT_ID", "PROCEDURE_TYPE_CODE", "PROCEDURE_TYPE_DISCRIMINATOR", "PROCEDURE_START_DATE", "SESSION_TYPE_CODE",
	"SESSION_TYPE_DISCRIMINATOR", "SESSION_ORDINAL_NUMBER", "PARAMETER_CODE", "BOOLEAN_VALUE", "NUMERIC_VALUE", "TEXT_VALUE")
	VALUES (1, 1, 'P', '2023-01-08', 2, 'S', 3, 7, 0, NULL, NULL);
INSERT INTO database."PROCEDURES_SESSIONS_PARAMETERS_VALUES" ("PATIENT_ID", "PROCEDURE_TYPE_CODE", "PROCEDURE_TYPE_DISCRIMINATOR", "PROCEDURE_START_DATE", "SESSION_TYPE_CODE",
	"SESSION_TYPE_DISCRIMINATOR", "SESSION_ORDINAL_NUMBER", "PARAMETER_CODE", "BOOLEAN_VALUE", "NUMERIC_VALUE", "TEXT_VALUE")
	VALUES (1, 1, 'P', '2023-01-08', 2, 'S', 3, 8, 1, NULL, NULL);